origin,year,citation_num,works_cited_num,lat,long
"中国图书馆学报,",2001,109,109,39.988010,116.311798
"中国图书馆学报,",2001,270,270,41.908506,123.409541
"中国图书馆学报,",2001,270,270,30.263678,120.122388
"中国图书馆学报,",2001,139,137,27.840750,112.948971
"中国图书馆学报,",2001,106,106,22.530941,113.391546
"中国图书馆学报,",2001,128,123,41.908506,123.409541
"中国图书馆学报,",2001,255,248,30.630869,104.083748
"中国图书馆学报,",2002,103,102,22.530892,113.391838
"中国图书馆学报,",2002,103,103,39.988010,116.311798
"中国图书馆学报,",2002,120,120,27.895386,112.921511
"中国图书馆学报,",2002,190,190,29.636515,106.310865
"中国图书馆学报,",2002,109,108,32.042554,118.795471
"中国图书馆学报,",2002,191,191,31.206910,121.445183
"中国图书馆学报,",2002,131,129,27.840750,112.948971
"中国图书馆学报,",2002,146,146,39.998650,116.349388
"中国图书馆学报,",2002,132,132,44.570453,129.623153
"中国图书馆学报,",2002,182,182,32.055015,118.779430
"中国图书馆学报,",2002,313,311,22.534875,113.921946
"中国图书馆学报,",2002,189,189,45.748959,126.684756
"中国图书馆学报,",2002,376,374,39.972237,116.315956
"中国图书馆学报,",2002,111,111,23.024300,113.096578
"中国图书馆学报,",2003,116,112,39.105308,117.159500
"中国图书馆学报,",2003,165,164,40.411160,116.715622
"中国图书馆学报,",2003,117,115,30.537860,114.365248
"中国图书馆学报,",2003,116,116,30.536482,114.374888
"中国图书馆学报,",2003,134,133,30.535956,114.362712
"中国图书馆学报,",2003,200,200,44.570453,129.623153
"中国图书馆学报,",2003,141,141,30.535956,114.362712
"中国图书馆学报,",2003,110,110,34.656258,112.478854
"中国图书馆学报,",2004,460,442,30.536748,114.375043
"中国图书馆学报,",2004,373,368,31.227938,121.404680
"中国图书馆学报,",2004,111,110,36.200252,117.087614
"中国图书馆学报,",2004,118,117,45.654350,126.625053
"中国图书馆学报,",2004,130,130,31.207466,121.444693
"中国图书馆学报,",2004,240,236,39.988010,116.311798
"中国图书馆学报,",2005,122,122,40.411160,116.715622
"中国图书馆学报,",2005,114,104,36.704000,119.145000
"中国图书馆学报,",2005,129,127,39.986829,116.324257
"中国图书馆学报,",2005,197,197,30.535956,114.362712
"中国图书馆学报,",2006,406,392,40.411160,116.715622
"中国图书馆学报,",2006,104,103,30.262746,120.120629
"中国图书馆学报,",2007,125,119,30.536748,114.375043
"中国图书馆学报,",2008,100,100,30.536748,114.375043
"中国图书馆学报,",2008,183,175,31.300068,120.623905
"中国图书馆学报,",2008,176,176,39.991760,116.349762
"中国图书馆学报,",2009,109,104,32.110012,118.961365
"中国图书馆学报,",2010,167,160,30.536482,114.374888
"中国图书馆学报,",2010,300,300,30.536482,114.374888
"中国图书馆学报,",2011,123,119,30.536482,114.374888
"中国图书馆学报,",2011,203,202,31.228428,121.406738
"中国图书馆学报,",2011,146,139,30.536482,114.374888
"中国图书馆学报,",2011,264,256,39.987255,116.322990
"中国图书馆学报,",1992,160,159,23.092973,113.291103
"中国图书馆学报,",1999,100,100,39.929471,116.435710
"中国图书馆学报,",1999,144,135,44.551653,129.633168
"中国图书馆学报,",1997,353,347,45.708441,126.622339
"中国图书馆学报,",1997,127,126,39.717673,117.331698
"中国图书馆学报,",1997,191,191,31.230452,121.390923
"中国图书馆学报,",1998,144,144,40.411160,116.715622
"中国图书馆学报,",1999,107,106,30.537860,114.365248
"中国图书馆学报,",1999,100,100,32.085859,118.759310
"中国图书馆学报,",1999,221,221,,
"中国图书馆学报,",1999,252,248,30.537860,114.365248
"中国图书馆学报,",2012,160,159,39.987255,116.322990
"中国图书馆学报,",2012,127,127,32.034985,118.843030
"中国图书馆学报,",2012,106,103,,
"中国图书馆学报,",2012,199,195,32.109125,118.960688
"中国图书馆学报,",2012,209,205,31.185697,121.421741
"中国图书馆学报,",2014,193,193,30.315060,120.343155
"中国图书馆学报,",2014,218,213,31.226649,121.408669
"中国图书馆学报,",2015,132,131,31.186085,121.422547
"中国图书馆学报,",2015,111,111,32.116192,118.956380
"中国图书馆学报,",2000,132,132,31.296974,121.517392
"中国图书馆学报,",2000,176,172,34.747462,113.615886
"中国图书馆学报,",2000,157,157,36.052248,103.859113
"中国图书馆学报,",2000,145,145,38.074624,116.570292
"中国图书馆学报,",2000,184,184,40.410408,116.679237
"中国图书馆学报,",2000,104,101,39.988010,116.311798
"中国图书馆学报,",2000,113,112,30.537860,114.365248
"中国图书馆学报,",2000,104,104,30.537860,114.365248
"中国图书馆学报,",2000,132,131,32.058494,118.775274
"中国图书馆学报,",2000,158,158,39.988010,116.311798
"中国图书馆学报,",2000,1341,1333,30.630869,104.083748
"中国图书馆学报,",2000,203,199,32.055015,118.779430
"图书情报工作,",2012,114,114,31.316600,121.392325
"图书情报工作,",2012,108,108,24.437414,118.097385
"图书情报工作,",2004,129,128,,
"图书情报工作,",2004,152,150,30.536482,114.374888
"图书情报工作,",2005,190,188,,
"图书情报工作,",2006,143,135,31.316600,121.392325
"图书情报工作,",2006,211,211,39.987260,116.323013
"图书情报工作,",2006,104,104,38.880964,121.536417
"图书情报工作,",2007,220,217,,
"图书情报工作,",2007,100,100,32.110012,118.961365
"图书情报工作,",2007,108,108,31.316600,121.392325
"图书情报工作,",2007,177,166,30.514620,114.360757
"图书情报工作,",2008,165,164,39.987260,116.323013
"图书情报工作,",2008,171,170,40.004874,116.324691
"图书情报工作,",2008,164,164,34.238319,108.890961
"图书情报工作,",2008,465,457,39.987260,116.323013
"图书情报工作,",2008,131,131,30.536660,114.375096
"图书情报工作,",2009,106,106,39.987255,116.322990
"图书情报工作,",2009,161,150,,
"图书情报工作,",2009,485,480,30.514956,114.416344
"图书情报工作,",2009,144,144,31.230452,121.390923
"图书情报工作,",2010,232,230,34.646652,119.227977
"图书情报工作,",2011,205,204,38.034355,114.604578
"图书情报工作,",2011,110,110,32.058067,118.778667
"图书情报工作,",2013,198,197,25.283596,110.336480
"图书情报工作,",1995,110,110,30.274084,120.155070
"图书情报工作,",1996,105,105,28.188740,112.955225
"图书情报工作,",1999,158,158,30.537860,114.365248
"图书情报工作,",1997,133,129,39.988010,116.311798
"图书情报工作,",1998,137,137,32.110012,118.961365
"图书情报工作,",1998,146,146,39.737598,116.179375
"图书情报工作,",2013,127,126,43.828060,125.426979
"图书情报工作,",2013,128,128,31.316600,121.392325
"图书情报工作,",2013,152,152,39.981770,116.330093
"图书情报工作,",2013,143,142,39.987255,116.322990
"图书情报工作,",2014,138,138,30.536482,114.374888
"图书情报工作,",2000,141,141,43.953124,126.481321
"图书情报工作,",2000,444,438,30.537860,114.365248
"图书情报工作,",2000,183,181,30.741303,121.319409
"图书情报工作,",2000,101,101,,
"图书情报工作,",2000,130,128,30.537860,114.365248
"图书情报工作,",2001,135,135,23.410291,116.635530
"图书情报工作,",2001,117,115,31.206910,121.445183
"图书情报工作,",2001,211,211,29.827808,119.747917
"图书情报工作,",2001,150,148,,
"图书情报工作,",2001,107,107,32.110012,118.961365
"图书情报工作,",2002,133,133,22.530892,113.391838
"图书情报工作,",2002,143,143,22.530892,113.391838
"图书情报工作,",2002,105,105,43.839144,125.328277
"图书情报工作,",2002,127,127,22.530892,113.391838
"图书情报工作,",2003,126,122,31.207826,121.444654
"图书情报工作,",2003,101,101,23.360203,116.718875
"图书情报工作,",2003,139,139,39.914246,116.349847
"图书情报知识,",2012,136,133,29.566956,106.469644
"图书情报知识,",2000,119,119,30.537860,114.365248
"图书情报知识,",2000,136,136,29.908385,121.637347
"图书情报知识,",2001,146,144,32.055015,118.779430
"图书情报知识,",2001,112,112,32.035625,118.838895
"图书情报知识,",2002,242,239,30.536482,114.374888
"图书情报知识,",2002,176,176,30.535956,114.362712
"图书情报知识,",2003,160,153,30.536660,114.375096
"图书情报知识,",2004,138,137,39.987259,116.323009
"图书情报知识,",2004,202,202,23.140058,113.299411
"图书情报知识,",2005,133,132,30.536748,114.375043
"图书情报知识,",2005,132,132,30.536482,114.374888
"图书情报知识,",2005,110,110,39.928440,116.478820
"图书情报知识,",2005,118,117,39.995304,116.308264
"图书情报知识,",2006,142,129,30.519408,114.359297
"图书情报知识,",2007,121,121,31.535004,104.695361
"图书情报知识,",2010,199,195,30.538456,114.372847
"图书情报知识,",2010,307,307,31.288109,121.556857
"图书情报知识,",1999,183,183,31.747250,117.222750
"图书情报知识,",1999,102,102,30.537860,114.365248
"中国图书馆学报,",2011,123,119,30.536482,114.374888
"中国图书馆学报,",2011,204,203,31.228428,121.406738
"中国图书馆学报,",2011,148,141,30.536482,114.374888
"中国图书馆学报,",2010,168,161,30.536482,114.374888
"中国图书馆学报,",2010,300,300,30.536482,114.374888
"中国图书馆学报,",2009,109,104,32.110012,118.961365
"中国图书馆学报,",2008,176,176,39.991760,116.349762
"中国图书馆学报,",2008,183,175,31.300068,120.623905
"中国图书馆学报,",2008,100,100,30.536748,114.375043
"中国图书馆学报,",2007,125,119,30.536748,114.375043
"中国图书馆学报,",2006,406,392,40.411160,116.715622
"中国图书馆学报,",2006,104,103,30.262746,120.120629
"中国图书馆学报,",2005,197,197,30.535956,114.362712
"中国图书馆学报,",2005,129,127,39.986829,116.324257
"中国图书馆学报,",2005,114,104,36.704000,119.145000
"中国图书馆学报,",2005,122,122,40.411160,116.715622
"中国图书馆学报,",2004,240,236,39.988010,116.311798
"中国图书馆学报,",2004,130,130,31.207466,121.444693
"中国图书馆学报,",2004,118,117,45.654350,126.625053
"中国图书馆学报,",2004,460,442,30.536748,114.375043
"中国图书馆学报,",2004,374,368,31.227938,121.404680
"中国图书馆学报,",2004,111,110,36.200252,117.087614
"中国图书馆学报,",2003,141,141,30.535956,114.362712
"中国图书馆学报,",2003,110,110,34.656258,112.478854
"中国图书馆学报,",2003,118,118,30.536482,114.374888
"中国图书馆学报,",2003,200,200,44.570453,129.623153
"中国图书馆学报,",2003,165,164,40.411160,116.715622
"中国图书馆学报,",2003,117,115,30.537860,114.365248
"中国图书馆学报,",2003,134,133,30.535956,114.362712
"中国图书馆学报,",2003,117,112,39.105308,117.159500
"中国图书馆学报,",2002,182,182,32.055015,118.779430
"中国图书馆学报,",2002,111,111,23.024300,113.096578
"中国图书馆学报,",2002,132,132,44.570453,129.623153
"中国图书馆学报,",2002,313,311,22.534875,113.921946
"中国图书馆学报,",2002,189,189,45.748959,126.684756
"中国图书馆学报,",2002,376,374,39.972237,116.315956
"中国图书馆学报,",2002,131,129,27.840750,112.948971
"中国图书馆学报,",2002,146,146,39.998650,116.349388
"中国图书馆学报,",2002,109,108,32.042554,118.795471
"中国图书馆学报,",2002,191,191,31.206910,121.445183
"中国图书馆学报,",2002,103,102,22.530892,113.391838
"中国图书馆学报,",2002,103,103,39.988010,116.311798
"中国图书馆学报,",2002,120,120,27.895386,112.921511
"中国图书馆学报,",2002,190,190,29.636515,106.310865
"中国图书馆学报,",2001,255,248,30.630869,104.083748
"中国图书馆学报,",2001,128,123,41.908506,123.409541
"中国图书馆学报,",2001,270,270,41.908506,123.409541
"中国图书馆学报,",2001,270,270,30.263678,120.122388
"中国图书馆学报,",2001,139,137,27.840750,112.948971
"中国图书馆学报,",2001,106,106,22.530941,113.391546
"中国图书馆学报,",2001,109,109,39.988010,116.311798
"中国图书馆学报,",2000,203,199,32.055015,118.779430
"中国图书馆学报,",2000,158,158,39.988010,116.311798
"中国图书馆学报,",2000,1341,1333,30.630869,104.083748
"中国图书馆学报,",2000,113,112,30.537860,114.365248
"中国图书馆学报,",2000,104,104,30.537860,114.365248
"中国图书馆学报,",2000,132,131,32.058494,118.775274
"中国图书馆学报,",2000,184,184,40.410408,116.679237
"中国图书馆学报,",2000,104,101,39.988010,116.311798
"中国图书馆学报,",2000,157,157,36.052248,103.859113
"中国图书馆学报,",2000,145,145,38.074624,116.570292
"中国图书馆学报,",2000,132,132,31.296974,121.517392
"中国图书馆学报,",2000,176,172,34.747462,113.615886
"中国图书馆学报,",1999,100,100,39.929471,116.435710
"中国图书馆学报,",1999,144,135,44.551653,129.633168
"中国图书馆学报,",1999,252,248,30.537860,114.365248
"中国图书馆学报,",2015,113,113,32.116192,118.956380
"中国图书馆学报,",2015,133,132,31.186085,121.422547
"中国图书馆学报,",2014,221,215,31.226649,121.408669
"中国图书馆学报,",2014,194,194,30.315060,120.343155
"中国图书馆学报,",2012,214,210,31.185697,121.421741
"中国图书馆学报,",2012,106,103,,
"中国图书馆学报,",2012,199,195,32.109125,118.960688
"中国图书馆学报,",2012,160,159,39.987255,116.322990
"中国图书馆学报,",2012,128,128,32.034985,118.843030
"中国图书馆学报,",2011,265,257,39.987255,116.322990
"中国图书馆学报,",1992,160,159,23.092973,113.291103
"中国图书馆学报,",1999,107,106,30.537860,114.365248
"中国图书馆学报,",1999,100,100,32.085859,118.759310
"中国图书馆学报,",1999,221,221,,
"中国图书馆学报,",1998,144,144,40.411160,116.715622
"中国图书馆学报,",1997,191,191,31.230452,121.390923
"中国图书馆学报,",1997,127,126,39.717673,117.331698
"中国图书馆学报,",1997,353,347,45.708441,126.622339
"图书馆工作与研究,",2013,111,111,39.107432,117.183881
"图书馆工作与研究,",2011,113,113,37.529734,122.060834
"图书馆工作与研究,",2010,123,121,26.033463,119.208187
"图书馆工作与研究,",2008,127,126,40.003863,116.284467
"图书馆工作与研究,",2005,105,105,39.145574,117.021517
"图书馆工作与研究,",2004,126,126,27.700062,111.993497
"图书馆工作与研究,",2003,131,130,33.603063,119.006687
"图书馆工作与研究,",2002,129,129,43.871819,125.318995
"图书馆建设,",2014,206,206,40.004517,116.324409
"图书馆建设,",2013,103,103,43.828060,125.426979
"图书馆建设,",2012,100,100,40.412151,116.681862
"图书馆建设,",2011,264,260,31.186085,121.422547
"图书馆建设,",2011,117,117,39.959910,116.368690
"图书馆建设,",2008,216,215,40.004874,116.324691
"图书馆建设,",2006,102,102,,
"图书馆建设,",2009,122,122,32.054482,118.793579
"图书馆建设,",2009,177,175,39.959910,116.368690
"图书馆建设,",2006,148,148,30.536482,114.374888
"图书馆建设,",2005,119,118,31.226649,121.408669
"图书馆建设,",2005,160,160,39.995304,116.308264
"图书馆建设,",2004,102,102,39.995304,116.308264
"图书馆建设,",2003,113,113,44.576622,129.604782
"图书馆建设,",2003,132,132,34.746599,113.625368
"图书馆建设,",2003,103,101,27.895902,112.922696
"图书馆建设,",2000,112,106,44.570453,129.623153
"图书馆杂志,",2013,110,110,,
"图书馆杂志,",2012,202,200,25.065020,110.300760
"图书馆杂志,",2009,105,105,27.887454,112.860881
"图书馆杂志,",2006,124,124,38.015537,114.457549
"图书馆杂志,",2005,148,147,39.102994,117.165766
"图书馆杂志,",2004,103,102,31.227938,121.404680
"图书馆杂志,",2003,135,131,27.863227,112.908623
"图书馆杂志,",2003,175,175,39.972004,116.315750
"图书馆杂志,",2003,101,101,44.918026,130.530115
"图书馆杂志,",2002,162,155,31.226649,121.408669
"图书馆杂志,",1999,205,205,40.002436,116.326582
"图书馆杂志,",1999,251,251,31.206910,121.445183
"图书馆杂志,",1999,180,179,31.206910,121.445183
"图书馆理论与实践,",2009,109,109,22.968158,113.116502
"图书馆理论与实践,",2007,136,134,39.987260,116.323013
"图书馆理论与实践,",2007,108,108,23.131768,113.371557
"图书馆理论与实践,",1998,279,275,30.537860,114.365248
"图书馆论坛,",2014,119,117,25.058090,102.696063
"图书馆论坛,",2012,135,133,31.050397,121.205047
"图书馆论坛,",2010,120,120,28.174717,112.944870
"图书馆论坛,",2009,158,158,31.230452,121.390923
"图书馆论坛,",2007,102,102,22.545808,114.056671
"图书馆论坛,",2006,106,106,30.536660,114.375096
"图书馆论坛,",2006,103,103,39.104131,117.169077
"图书馆论坛,",2007,102,102,22.545808,114.056671
"图书馆论坛,",2006,106,106,30.536660,114.375096
"图书馆论坛,",2006,103,103,39.104131,117.169077
"图书馆论坛,",2005,144,142,30.536482,114.374888
"图书馆论坛,",2005,119,118,23.129162,113.264434
"图书馆论坛,",2005,166,165,40.004874,116.324691
"图书馆论坛,",2005,115,111,22.545714,114.057271
"图书馆论坛,",2004,102,101,30.536748,114.375043
"图书馆论坛,",2004,146,146,30.536482,114.374888
"图书馆论坛,",2004,122,120,23.186189,113.334250
"图书馆论坛,",2004,104,103,23.129162,113.264434
"图书馆论坛,",2004,106,106,23.129162,113.264434
"图书馆论坛,",2003,120,118,30.536660,114.375096
"图书馆论坛,",2002,174,171,33.635594,114.682609
"图书馆论坛,",2002,116,116,31.206910,121.445183
"图书馆论坛,",2002,100,100,23.129162,113.264434
"图书馆论坛,",2002,106,104,23.129162,113.264434
"图书馆论坛,",2002,218,218,31.206910,121.445183
"图书馆论坛,",2002,116,116,36.986923,120.716082
"图书馆论坛,",2002,140,140,23.360203,116.718875
"图书馆论坛,",2001,124,124,22.534875,113.921946
"图书馆论坛,",2000,129,126,23.410291,116.635530
"大学图书馆学报,",2012,202,196,31.316600,121.392325
"大学图书馆学报,",2012,102,101,30.536482,114.374888
"大学图书馆学报,",2012,121,121,32.034985,118.843030
"大学图书馆学报,",2013,100,100,39.987255,116.322990
"大学图书馆学报,",2014,198,198,30.262746,120.120629
"大学图书馆学报,",2014,118,117,22.530892,113.391838
"大学图书馆学报,",2000,142,142,31.971333,118.812833
"大学图书馆学报,",2000,357,357,39.989872,116.314598
"大学图书馆学报,",2000,227,226,32.110012,118.961365
"大学图书馆学报,",2000,163,163,40.814387,111.690358
"大学图书馆学报,",2001,149,145,30.535956,114.362712
"大学图书馆学报,",2001,109,109,30.537860,114.365248
"大学图书馆学报,",2001,131,131,39.989872,116.314598
"大学图书馆学报,",2001,257,255,22.530892,113.391838
"大学图书馆学报,",2001,172,170,39.989872,116.314598
"大学图书馆学报,",2002,111,111,39.995304,116.308264
"大学图书馆学报,",2002,269,268,37.997395,114.518196
"大学图书馆学报,",2002,117,117,39.960342,116.341596
"大学图书馆学报,",2002,119,119,39.961006,116.368514
"大学图书馆学报,",2002,133,133,,
"大学图书馆学报,",2002,305,305,39.989872,116.314598
"大学图书馆学报,",2002,116,115,31.226649,121.408669
"大学图书馆学报,",2002,173,173,39.987259,116.323009
"大学图书馆学报,",2003,136,133,31.025495,121.436962
"大学图书馆学报,",2003,301,298,22.530892,113.391838
"大学图书馆学报,",2003,133,133,39.987259,116.323009
"大学图书馆学报,",2003,114,113,39.102994,117.165766
"大学图书馆学报,",2004,126,126,39.995304,116.308264
"大学图书馆学报,",2004,113,113,30.262746,120.120629
"大学图书馆学报,",2004,162,162,40.004874,116.324691
"大学图书馆学报,",2004,120,120,39.871480,116.472830
"大学图书馆学报,",2004,117,116,40.004874,116.324691
"大学图书馆学报,",2005,133,131,39.102994,117.165766
"大学图书馆学报,",2005,118,118,,
"大学图书馆学报,",2005,183,183,30.262746,120.120629
"大学图书馆学报,",2005,166,163,39.995304,116.308264
"大学图书馆学报,",2006,100,100,31.025495,121.436962
"大学图书馆学报,",2005,164,161,22.530892,113.391838
"大学图书馆学报,",2006,646,643,31.227938,121.404680
"大学图书馆学报,",2006,124,122,38.859159,117.466556
"大学图书馆学报,",2006,126,123,40.004874,116.324691
"大学图书馆学报,",2006,107,107,22.530941,113.391546
"大学图书馆学报,",2006,142,141,39.983905,116.348747
"大学图书馆学报,",2006,274,265,31.316600,121.392325
"大学图书馆学报,",2006,131,131,39.937707,116.307886
"大学图书馆学报,",2006,101,100,40.004874,116.324691
"大学图书馆学报,",2007,124,122,31.316600,121.392325
"大学图书馆学报,",2007,112,108,30.292956,120.164517
"大学图书馆学报,",2008,205,203,32.042554,118.795471
"大学图书馆学报,",2008,104,103,40.004874,116.324691
"大学图书馆学报,",2008,150,148,31.316600,121.392325
"大学图书馆学报,",2008,109,109,32.054482,118.793579
"大学图书馆学报,",2009,205,202,32.031135,118.842265
"大学图书馆学报,",2009,244,244,31.206910,121.445183
"大学图书馆学报,",2009,346,343,,
"大学图书馆学报,",2009,371,371,31.230452,121.390923
"大学图书馆学报,",2010,108,106,39.971121,116.378600
"大学图书馆学报,",2010,101,101,34.747075,113.589098
"大学图书馆学报,",2010,104,103,32.034985,118.843030
"大学图书馆学报,",2011,191,184,31.206910,121.445183
"大学图书馆学报,",2010,108,106,39.971121,116.378600
"大学图书馆学报,",2010,101,101,34.747075,113.589098
"大学图书馆学报,",2010,104,103,32.034985,118.843030
"大学图书馆学报,",2011,191,184,31.206910,121.445183
"大学图书馆学报,",1999,113,113,39.989872,116.314598
"大学图书馆学报,",1998,127,126,41.908506,123.409541
"大学图书馆学报,",1999,170,170,32.054482,118.793579
"情报学报,",2000,148,148,,
"情报学报,",2000,136,129,31.025495,121.436962
"情报学报,",2000,279,279,32.110012,118.961365
"情报学报,",2000,100,100,32.055015,118.779430
"情报学报,",2001,108,108,39.990348,116.359323
"情报学报,",2001,130,130,31.025363,121.431213
"情报学报,",2001,125,124,30.303810,120.088568
"情报学报,",2001,127,126,39.986580,116.310556
"情报学报,",2001,148,145,45.871021,126.525320
"情报学报,",2001,122,121,30.536748,114.375043
"情报学报,",2002,130,127,39.908704,116.315156
"情报学报,",2002,171,170,33.642504,119.007895
"情报学报,",2002,126,126,36.664748,117.016765
"情报学报,",2002,206,206,30.630869,104.083748
"情报学报,",1999,121,121,39.961575,116.366301
"情报学报,",1999,111,111,32.056377,118.777069
"情报学报,",1996,170,163,30.537860,114.365248
"情报学报,",1997,192,192,39.904030,116.407526
"情报学报,",1998,161,158,39.103958,117.169990
"情报学报,",1999,156,154,45.743721,126.632884
"情报学报,",1999,165,164,32.110012,118.961365
"情报学报,",2003,137,137,39.765397,116.371757
"情报学报,",2003,111,110,39.908753,116.315532
"情报学报,",2003,132,131,32.110012,118.961365
"情报学报,",2003,210,203,39.988010,116.311798
"情报学报,",2003,122,120,41.793594,123.410439
"情报学报,",2003,147,141,37.676571,112.748917
"情报学报,",2003,186,176,34.123128,108.830240
"情报学报,",2004,219,219,39.995304,116.308264
"情报学报,",2004,121,118,39.910997,116.315650
"情报学报,",2005,111,109,39.910997,116.315650
"情报学报,",2005,146,146,,
"情报学报,",2005,115,115,39.923210,116.315552
"情报学报,",2005,109,109,32.080199,118.756487
"情报学报,",2005,157,157,30.536660,114.375096
"情报学报,",2005,212,212,29.908385,121.637347
"情报学报,",2006,318,317,39.984156,116.351191
"情报学报,",2006,459,453,30.536660,114.375096
"情报学报,",2006,126,116,45.729932,126.631476
"情报学报,",2006,105,103,39.737598,116.179375
"情报学报,",2006,122,117,38.971192,121.527925
"情报学报,",2007,137,131,30.536660,114.375096
"情报学报,",2008,116,113,30.536660,114.375096
"情报学报,",2008,321,292,38.971192,121.527925
"情报学报,",2008,114,113,31.429585,121.303574
"情报学报,",2009,638,635,38.880964,121.536417
"情报杂志,",2004,119,119,30.536482,114.374888
"情报杂志,",2004,148,148,38.033360,114.515166
"情报杂志,",1998,186,186,31.031557,121.453679
"情报杂志,",2002,165,165,39.995304,116.308264
"情报杂志,",2002,113,113,43.471360,87.409417
"情报杂志,",2003,109,109,37.994022,114.517366
"情报杂志,",2003,134,134,39.968448,116.311529
"情报理论与实践,",1995,118,118,30.537860,114.365248
"情报理论与实践,",1996,103,103,39.908051,116.335960
"情报理论与实践,",1996,130,130,39.908280,116.335973
"情报理论与实践,",1996,137,123,41.793594,123.410439
"情报理论与实践,",1999,113,113,39.908051,116.335960
"情报理论与实践,",2000,107,105,30.537860,114.365248
"情报理论与实践,",2000,151,151,39.995304,116.308264
"情报理论与实践,",2000,139,139,30.537860,114.365248
"情报理论与实践,",2001,225,220,30.536482,114.374888
"情报理论与实践,",2003,144,141,39.908753,116.315532
"情报理论与实践,",2003,157,157,31.971240,118.812260
"情报理论与实践,",2004,111,110,39.995304,116.308264
"情报理论与实践,",2004,252,252,32.058067,118.778667
"情报理论与实践,",2004,117,116,31.974041,120.908580
"情报理论与实践,",2005,127,127,32.110012,118.961365
"情报理论与实践,",2005,134,134,,
"情报理论与实践,",2005,143,142,28.218023,112.918556
"情报理论与实践,",2006,158,149,26.067770,119.312810
"情报理论与实践,",2007,172,171,34.233611,108.937447
"情报理论与实践,",2007,116,110,30.593098,114.305392
"情报理论与实践,",2008,153,152,32.055015,118.779430
"情报理论与实践,",2008,297,293,22.543099,114.057868
"情报理论与实践,",2008,111,110,39.983939,116.475531
"情报理论与实践,",2009,120,120,,
"情报理论与实践,",2009,300,300,32.026884,118.857244
"情报理论与实践,",2009,112,110,30.514956,114.416344
"情报理论与实践,",2010,154,153,30.514956,114.416344
"情报理论与实践,",2010,129,129,31.162488,121.421182
"情报理论与实践,",2011,140,138,30.632171,104.086731
"情报科学,",2012,101,101,39.105308,117.159500
"情报科学,",2001,460,460,32.110012,118.961365
"情报科学,",2001,155,155,23.195923,113.361587
"情报科学,",2001,128,128,,
"情报科学,",2001,123,123,39.103958,117.169990
"情报科学,",2000,142,142,32.029566,118.859568
"情报科学,",2000,169,169,39.972004,116.315750
"情报科学,",2000,137,136,32.055015,118.779430
"情报科学,",2000,183,183,43.813254,125.412338
"情报科学,",2013,101,101,30.629659,104.089535
"情报科学,",1983,270,269,40.411160,116.715622
"情报科学,",2010,132,132,32.080199,118.756487
"情报科学,",2008,136,133,32.026884,118.857244
"情报科学,",2009,197,197,22.530892,113.391838
"情报科学,",2009,145,145,32.062348,118.760241
"情报科学,",2007,198,198,43.817071,125.323544
"情报科学,",2007,152,150,23.129162,113.264434
"情报科学,",2007,183,182,32.055015,118.779430
"情报科学,",2007,179,179,41.805698,123.431474
"情报科学,",2007,236,232,30.593098,114.305392
"情报科学,",2008,209,209,32.060255,118.796877
"情报科学,",2008,118,118,30.245853,120.209947
"情报科学,",2006,205,205,31.205992,121.424845
"情报科学,",2006,144,141,30.536660,114.375096
"情报科学,",2006,103,103,39.962746,116.356709
"情报科学,",2006,102,100,30.536748,114.375043
"情报科学,",2006,132,131,32.110012,118.961365
"情报科学,",2006,129,120,43.817071,125.323544
"情报科学,",2006,109,103,31.820586,117.227239
"情报科学,",2007,133,133,39.995304,116.308264
"情报科学,",2005,152,152,39.108970,117.172734
"情报科学,",2005,110,110,31.205992,121.424845
"情报科学,",2005,103,103,45.744064,126.628701
"情报科学,",2003,121,121,43.861741,125.329680
"情报科学,",2003,155,154,30.519408,114.359297
"情报科学,",2003,126,126,34.820615,113.533269
"情报科学,",2004,102,100,30.536660,114.375096
"情报科学,",2004,166,165,43.854536,125.335170
"情报科学,",2004,234,234,32.055015,118.779430
"情报科学,",2002,134,134,37.476268,121.456368
"情报科学,",2002,124,123,39.959910,116.368690
"情报科学,",2002,125,125,22.530892,113.391838
"情报科学,",2002,198,197,32.055015,118.779430
"情报科学,",2002,103,103,25.672580,104.257281
"情报科学,",2003,447,447,45.708225,126.613250
"情报资料工作,",2012,146,146,40.807282,111.702908
"情报资料工作,",2002,132,130,39.968448,116.311529
"情报资料工作,",2002,184,184,32.029566,118.859568
"情报资料工作,",2001,177,172,30.536748,114.375043
"情报资料工作,",1999,111,108,27.840750,112.948971
"情报资料工作,",1995,123,123,31.162433,121.415389
"现代图书情报技术,",2012,103,103,39.839574,119.481039
"现代图书情报技术,",2011,182,179,32.110012,118.961365
"现代图书情报技术,",2011,155,155,39.963749,116.358791
"现代图书情报技术,",2010,105,103,39.982777,116.319649
"现代图书情报技术,",2010,106,106,39.987255,116.322990
"现代图书情报技术,",2010,112,111,32.052200,118.781026
"现代图书情报技术,",2009,137,136,31.230452,121.390923
"现代图书情报技术,",2008,251,218,41.793594,123.410439
"现代图书情报技术,",2008,123,123,32.110012,118.961365
"现代图书情报技术,",2006,245,244,31.227938,121.404680
"现代图书情报技术,",2006,103,103,39.987259,116.323009
"现代图书情报技术,",2005,138,138,32.029566,118.859568
"现代图书情报技术,",2005,151,150,32.055015,118.779430
"现代图书情报技术,",2005,115,115,38.880964,121.536417
"现代图书情报技术,",2005,125,125,32.055015,118.779430
"现代图书情报技术,",2004,195,195,39.987259,116.323009
"现代图书情报技术,",2004,116,109,30.537860,114.365248
"现代图书情报技术,",2004,137,136,31.162269,121.418609
"现代图书情报技术,",2003,109,109,39.987259,116.323009
"现代图书情报技术,",2001,246,242,30.631897,104.083020
"现代图书情报技术,",2000,155,155,39.995304,116.308264
"现代图书情报技术,",1999,108,108,22.545808,114.056671
"现代图书情报技术,",2014,103,102,40.004517,116.324409
"现代情报,",2014,108,108,31.316600,121.392325
"现代情报,",2006,341,341,39.910232,116.249487
"现代情报,",2005,100,100,29.996809,106.250045
"现代情报,",2005,106,105,39.910232,116.249487
"现代情报,",2003,155,155,30.629659,104.089535
"现代情报,",2003,113,113,38.880807,121.550210
"现代情报,",2002,125,125,36.811568,115.706657
"现代情报,",2005,111,111,45.708225,126.613250
"现代情报,",2013,105,103,39.964051,116.360831
"现代情报,",2013,134,133,23.131768,113.371557
"现代情报,",2013,151,150,23.055191,113.411371
"现代情报,",2013,124,124,31.843752,117.294728
"现代情报,",2013,115,111,39.099629,121.821746
"现代情报,",2012,106,104,31.429585,121.303574
"现代情报,",2011,130,130,32.110012,118.961365
"现代情报,",2007,170,170,43.827437,125.280441
